"fecha","variable","valor usd oficial","porcentaje","total"
"2023-11-29","EG DEUDAS CLIENTES","56867.3","5.5522","1024230"
"2023-11-29","EG SUELDOS",NULL,"0","1024230"
"2023-11-29","ITEC DEUDAS CLIENTES","56867.3","3.30167","1722380"
"2023-11-29","ITEC SUELDOS","0","0","1722380"
"2023-11-29","ITEC SERVICIOS","0","0","1722380"
"2023-11-29","EG VENTAS","195951","19.1315","1024230"
"2023-11-29","EG CAJA","4723.81","0.461206","1024230"
"2023-11-29","EG PASIVOS","96085","9.38119","1024230"
"2023-11-29","ITEC GASTOS","0","0","1722380"
"2023-11-29","EG SERVICIOS",NULL,"0","1024230"
"2023-11-29","ITEC VENTAS","8383.59","0.486744","1722380"
"2023-11-29","ITEC GASTOS INFRAESTRUCTURA","0","0","1722380"
"2023-11-29","ITEC CAJA USD","33090","1.92118","1722380"
"2023-11-29","ITEC IMPUESTOS","0","0","1722380"
"2023-11-29","ITEC ACTIVOS","1781130","103.411","1722380"
"2023-11-29","EG STOCK","1028750","100.441","1024230"
"2023-11-29","EG GASTOS INFRAESTRUCTURA","0","0","1024230"
"2023-11-29","EG CUENTAS","134938","13.1746","1024230"
"2023-11-29","EG PEDIDOS PENDIENTES","0","0","1024230"
"2023-11-29","ITEC STOCK","1733160","100.626","1722380"
"2023-11-29","EG BANCO FUTURO","29971","2.9262","1024230"
"2023-11-29","EG TOTAL","1024230","100","1024230"
"2023-11-29","ITEC PEDIDOS PENDIENTES","0","0","1722380"
"2023-11-29","ITEC PASIVOS","58755.4","3.41129","1722380"
"2023-11-29","ITEC CUENTAS","81062.8","4.70644","1722380"
"2023-11-29","EG COMPRAS","117546","11.4765","1024230"
"2023-11-29","EG CAJA USD","132333","12.9202","1024230"
"2023-11-29","EG IMPUESTOS",NULL,"0","1024230"
"2023-11-29","EG GASTOS",NULL,"0","1024230"
"2023-11-29","ITEC BANCO FUTURO","-13618.3","-0.790668","1722380"
"2023-11-29","ITEC CAJA","4723.81","0.274261","1722380"
"2023-11-29","ITEC TOTAL","1722380","100","1722380"
"2023-11-29","EG DEUDAS PROVEEDORES","88957.3","8.68529","1024230"
"2023-11-29","EG DEUDAS FISCALES","7127.73","0.695911","1024230"
"2023-11-29","ITEC DEUDAS PROVEEDORES","0","0","1722380"
"2023-11-29","ITEC DEUDAS FISCALES","58755.4","3.41129","1722380"
"2023-11-29","EG ACTIVOS","1120310","109.381","1024230"
"2023-11-29","ITEC COMPRAS","51219.2","2.97375","1722380"
"2023-12-30","EG DEUDAS PROVEEDORES","28534.3","2.07492","1375200"
"2023-12-30","EG DEUDAS FISCALES","0","0","1375200"
"2023-12-30","EG SUELDOS",NULL,"0","1375200"
"2023-12-30","EG GASTOS",NULL,"0","1375200"
"2023-12-30","EG TOTAL","1375200","100","1375200"
"2023-12-30","ITEC COMPRAS","32055.8","3.40486","941471"
"2023-12-30","ITEC DEUDAS CLIENTES","15627.5","1.6599","941471"
"2023-12-30","ITEC TOTAL","941471","100","941471"
"2023-12-30","ITEC GASTOS INFRAESTRUCTURA","0","0","941471"
"2023-12-30","EG VENTAS","102097","7.42416","1375200"
"2023-12-30","EG STOCK","1298890","94.451","1375200"
"2023-12-30","EG GASTOS INFRAESTRUCTURA","0","0","1375200"
"2023-12-30","ITEC IMPUESTOS","0","0","941471"
"2023-12-30","EG CAJA USD","36544","2.65736","1375200"
"2023-12-30","EG SERVICIOS",NULL,"0","1375200"
"2023-12-30","ITEC STOCK","928332","98.6044","941471"
"2023-12-30","ITEC BANCO FUTURO","-3527.68","-0.374699","941471"
"2023-12-30","ITEC CAJA","3198.49","0.339733","941471"
"2023-12-30","EG PEDIDOS PENDIENTES","0","0","1375200"
"2023-12-30","EG ACTIVOS","1403740","102.075","1375200"
"2023-12-30","EG PASIVOS","28534.3","2.07492","1375200"
"2023-12-30","EG DEUDAS CLIENTES","39319.8","2.85921","1375200"
"2023-12-30","EG COMPRAS","61337.9","4.46029","1375200"
"2023-12-30","ITEC DEUDAS PROVEEDORES","9080.71","0.964524","941471"
"2023-12-30","EG IMPUESTOS",NULL,"0","1375200"
"2023-12-30","ITEC ACTIVOS","952766","101.2","941471"
"2023-12-30","ITEC CUENTAS","15353.6","1.63081","941471"
"2023-12-30","EG CAJA","3318.71","0.241326","1375200"
"2023-12-30","EG BANCO FUTURO","25662.7","1.86611","1375200"
"2023-12-30","ITEC PEDIDOS PENDIENTES","0","0","941471"
"2023-12-30","ITEC CAJA USD","9136","0.970396","941471"
"2023-12-30","ITEC PASIVOS","11295.2","1.19974","941471"
"2023-12-30","EG CUENTAS","76310.9","5.54908","1375200"
"2023-12-30","ITEC DEUDAS FISCALES","2214.53","0.23522","941471"
"2023-12-30","ITEC SUELDOS","0","0","941471"
"2023-12-30","ITEC SERVICIOS","0","0","941471"
"2023-12-30","ITEC GASTOS","0","0","941471"
"2023-12-30","ITEC VENTAS","49641.3","5.27274","941471"
"2024-01-30","ITEC SUELDOS","0","0","958809"
"2024-01-30","ITEC ACTIVOS","973565","101.539","958809"
"2024-01-30","EG CUENTAS","43219.8","3.9513","1093810"
"2024-01-30","EG PASIVOS","78185.5","7.148","1093810"
"2024-01-30","ITEC IMPUESTOS","0","0","958809"
"2024-01-30","ITEC SERVICIOS","0","0","958809"
"2024-01-30","ITEC GASTOS","0","0","958809"
"2024-01-30","ITEC TOTAL","958809","100","958809"
"2024-01-30","ITEC CAJA USD","10468.7","1.0918","958809"
"2024-01-30","EG STOCK","1050590","96.0487","1093810"
"2024-01-30","EG BANCO FUTURO","27967.7","2.5569","1093810"
"2024-01-30","EG GASTOS INFRAESTRUCTURA","0","0","1093810"
"2024-01-30","EG DEUDAS FISCALES","0","0","1093810"
"2024-01-30","EG IMPUESTOS","0","0","1093810"
"2024-01-30","EG SERVICIOS","0","0","1093810"
"2024-01-30","ITEC COMPRAS","53924.2","5.6241","958809"
"2024-01-30","ITEC CUENTAS","6978.26","0.7278","958809"
"2024-01-30","ITEC DEUDAS FISCALES","2215.15","0.231","958809"
"2024-01-30","EG PEDIDOS PENDIENTES","0","0","1093810"
"2024-01-30","EG DEUDAS PROVEEDORES","78185.5","7.148","1093810"
"2024-01-30","EG GASTOS","0","0","1093810"
"2024-01-30","ITEC STOCK","951831","99.2722","958809"
"2024-01-30","ITEC DEUDAS CLIENTES","16045","1.6734","958809"
"2024-01-30","ITEC GASTOS INFRAESTRUCTURA","0","0","958809"
"2024-01-30","ITEC BANCO FUTURO","-6448.12","-0.6725","958809"
"2024-01-30","ITEC PASIVOS","14755.7","1.539","958809"
"2024-01-30","EG VENTAS","145275","13.2816","1093810"
"2024-01-30","EG CAJA","612.08","0.056","1093810"
"2024-01-30","EG DEUDAS CLIENTES","50950.7","4.6581","1093810"
"2024-01-30","EG ACTIVOS","1172000","107.148","1093810"
"2024-01-30","EG TOTAL","1093810","100","1093810"
"2024-01-30","ITEC PEDIDOS PENDIENTES","0","0","958809"
"2024-01-30","ITEC DEUDAS PROVEEDORES","14755.7","1.539","958809"
"2024-01-30","EG COMPRAS","170131","15.554","1093810"
"2024-01-30","EG SUELDOS","0","0","1093810"
"2024-01-30","ITEC CAJA","1668.38","0.174","958809"
"2024-01-30","EG CAJA USD","41874.8","3.8283","1093810"
"2024-01-30","ITEC VENTAS","62794","6.5492","958809"
"2024-01-31","EG SUELDOS","2072.04","0.193331","1071760"
"2024-01-31","ITEC CUENTAS","1968.63","0.206399","953800"
"2024-01-31","EG DEUDAS CLIENTES","50950.7","4.75393","1071760"
"2024-01-31","ITEC SUELDOS","0","0","953800"
"2024-01-31","EG CUENTAS","21165.5","1.97484","1071760"
"2024-01-31","ITEC DEUDAS CLIENTES","16045","1.68222","953800"
"2024-01-31","ITEC GASTOS INFRAESTRUCTURA","2768.63","0.290274","953800"
"2024-01-31","ITEC PASIVOS","19765.3","2.07227","953800"
"2024-01-31","EG CAJA USD","41874.8","3.90711","1071760"
"2024-01-31","ITEC VENTAS","62794","6.58356","953800"
"2024-01-31","ITEC BANCO FUTURO","-6448.12","-0.676045","953800"
"2024-01-31","ITEC CAJA","1668.38","0.174919","953800"
"2024-01-31","EG VENTAS","145275","13.5548","1071760"
"2024-01-31","EG GASTOS INFRAESTRUCTURA","12518.9","1.16807","1071760"
"2024-01-31","ITEC DEUDAS FISCALES","2215.15","0.232245","953800"
"2024-01-31","EG BANCO FUTURO","27967.7","2.60951","1071760"
"2024-01-31","EG IMPUESTOS","9535.34","0.88969","1071760"
"2024-01-31","EG ACTIVOS","1172000","109.353","1071760"
"2024-01-31","ITEC STOCK","951831","99.7936","953800"
"2024-01-31","EG PEDIDOS PENDIENTES","0","0","1071760"
"2024-01-31","EG CAJA","612.08","0.0571098","1071760"
"2024-01-31","EG DEUDAS FISCALES","0","0","1071760"
"2024-01-31","EG PASIVOS","100240","9.35284","1071760"
"2024-01-31","ITEC SERVICIOS","528","0.0553575","953800"
"2024-01-31","EG TOTAL","1071760","100","1071760"
"2024-01-31","ITEC DEUDAS PROVEEDORES","14755.7","1.54704","953800"
"2024-01-31","ITEC CAJA USD","10468.7","1.09758","953800"
"2024-01-31","EG COMPRAS","170131","15.874","1071760"
"2024-01-31","EG STOCK","1050590","98.0247","1071760"
"2024-01-31","EG DEUDAS PROVEEDORES","78185.5","7.29506","1071760"
"2024-01-31","EG GASTOS","12518.9","1.16807","1071760"
"2024-01-31","ITEC GASTOS","2769","0.290312","953800"
"2024-01-31","ITEC ACTIVOS","973565","102.072","953800"
"2024-01-31","ITEC TOTAL","953800","100","953800"
"2024-01-31","EG SERVICIOS","911.489","0.085046","1071760"
"2024-01-31","ITEC COMPRAS","53924.2","5.65362","953800"
"2024-01-31","ITEC PEDIDOS PENDIENTES","0","0","953800"
"2024-01-31","ITEC IMPUESTOS","2241","0.234955","953800"
"2024-02-29","EG BANCO FUTURO","-38665.9","-3.3584","1151330"
"2024-02-29","EG SUELDOS","0","0","1151330"
"2024-02-29","ITEC DEUDAS FISCALES","395.55","0.0474","835093"
"2024-02-29","EG CUENTAS","-25166.3","-2.1859","1151330"
"2024-02-29","EG COMPRAS","209393","18.1871","1151330"
"2024-02-29","EG TOTAL","1151330","100","1151330"
"2024-02-29","ITEC CAJA","87.79","0.0105","835093"
"2024-02-29","ITEC SERVICIOS","870","0.1042","835093"
"2024-02-29","ITEC GASTOS","870","0.1042","835093"
"2024-02-29","ITEC BANCO FUTURO","-27256.9","-3.2639","835093"
"2024-02-29","ITEC DEUDAS PROVEEDORES","33721","4.038","835093"
"2024-02-29","ITEC PASIVOS","34591","4.1422","835093"
"2024-02-29","EG CAJA USD","56501.8","4.9075","1151330"
"2024-02-29","ITEC COMPRAS","44246.6","5.2984","835093"
"2024-02-29","ITEC TOTAL","835093","100","835093"
"2024-02-29","EG PASIVOS","145714","12.6561","1151330"
"2024-02-29","ITEC PEDIDOS PENDIENTES","0","0","835093"
"2024-02-29","ITEC GASTOS INFRAESTRUCTURA","870","0.1042","835093"
"2024-02-29","ITEC ACTIVOS","869684","104.142","835093"
"2024-02-29","ITEC VENTAS","23724.2","2.8409","835093"
"2024-02-29","EG PEDIDOS PENDIENTES","38614.1","3.3539","1151330"
"2024-02-29","EG CAJA","1737.5","0.1509","1151330"
"2024-02-29","EG DEUDAS PROVEEDORES","119060","10.3411","1151330"
"2024-02-29","EG DEUDAS FISCALES","3174.24","0.2757","1151330"
"2024-02-29","EG ACTIVOS","1297050","112.657","1151330"
"2024-02-29","EG VENTAS","127569","11.0801","1151330"
"2024-02-29","EG SERVICIOS","894.27","0.0777","1151330"
"2024-02-29","ITEC DEUDAS CLIENTES","5878.41","0.7039","835093"
"2024-02-29","ITEC IMPUESTOS","0","0","835093"
"2024-02-29","ITEC CUENTAS","-41756.3","-5.0002","835093"
"2024-02-29","ITEC STOCK","876849","105","835093"
"2024-02-29","ITEC CAJA USD","14125.4","1.6915","835093"
"2024-02-29","EG STOCK","1176500","102.186","1151330"
"2024-02-29","EG DEUDAS CLIENTES","62360.7","5.4164","1151330"
"2024-02-29","EG GASTOS INFRAESTRUCTURA","13774.4","1.1964","1151330"
"2024-02-29","EG IMPUESTOS","12880.1","1.1187","1151330"
"2024-02-29","EG GASTOS","13774.4","1.1964","1151330"
"2024-02-29","ITEC SUELDOS","0","0","835093"
"2024-03-31","ITEC SERVICIOS","0","0","816894"
"2024-03-31","EG CUENTAS","91451.5","6.8631","1332510"
"2024-03-31","EG GASTOS","0","0","1332510"
"2024-03-31","ITEC DEUDAS PROVEEDORES","31885.7","3.9033","816894"
"2024-03-31","EG TOTAL","1332510","100","1332510"
"2024-03-31","ITEC STOCK","842864","103.179","816894"
"2024-03-31","ITEC PEDIDOS PENDIENTES","0","0","816894"
"2024-03-31","EG PEDIDOS PENDIENTES","40228.1","3.019","1332510"
"2024-03-31","EG CAJA USD","42571","3.1948","1332510"
"2024-03-31","ITEC TOTAL","816894","100","816894"
"2024-03-31","ITEC IMPUESTOS","0","0","816894"
"2024-03-31","ITEC ACTIVOS","848780","103.903","816894"
"2024-03-31","EG DEUDAS PROVEEDORES","65283.4","4.8993","1332510"
"2024-03-31","ITEC DEUDAS CLIENTES","4844.11","0.593","816894"
"2024-03-31","ITEC SUELDOS","0","0","816894"
"2024-03-31","ITEC GASTOS","0","0","816894"
"2024-03-31","ITEC CUENTAS","-25970.2","-3.1791","816894"
"2024-03-31","EG DEUDAS CLIENTES","86152.9","6.4655","1332510"
"2024-03-31","EG VENTAS","167654","12.5818","1332510"
"2024-03-31","ITEC CAJA USD","10642.8","1.3028","816894"
"2024-03-31","EG BANCO FUTURO","-12401.6","-0.9307","1332510"
"2024-03-31","EG GASTOS INFRAESTRUCTURA","0","0","1332510"
"2024-03-31","EG IMPUESTOS","0","0","1332510"
"2024-03-31","EG ACTIVOS","1397790","104.899","1332510"
"2024-03-31","ITEC GASTOS INFRAESTRUCTURA","0","0","816894"
"2024-03-31","EG SERVICIOS","0","0","1332510"
"2024-03-31","ITEC COMPRAS","39368.4","4.8193","816894"
"2024-03-31","ITEC VENTAS","48440","5.9298","816894"
"2024-03-31","ITEC BANCO FUTURO","-9599.78","-1.1752","816894"
"2024-03-31","ITEC DEUDAS FISCALES","4684.84","0.5735","816894"
"2024-03-31","EG CAJA","184.55","0.0138","1332510"
"2024-03-31","EG DEUDAS FISCALES","2889.36","0.2168","1332510"
"2024-03-31","EG STOCK","1241060","93.137","1332510"
"2024-03-31","EG SUELDOS","0","0","1332510"
"2024-03-31","EG PASIVOS","65283.4","4.8993","1332510"
"2024-03-31","ITEC CAJA","28.4","0.0035","816894"
"2024-03-31","ITEC PASIVOS","31885.7","3.9033","816894"
"2024-03-31","EG COMPRAS","52850.1","3.9662","1332510"
"2024-04-30","EG CAJA","282.123","0.0203402","1387020"
"2024-04-30","EG TOTAL","1387020","100","1387020"
"2024-04-30","ITEC IMPUESTOS","0","0","782007"
"2024-04-30","ITEC PEDIDOS PENDIENTES","0","0","782007"
"2024-04-30","EG BANCO FUTURO","-4681.56","-0.337527","1387020"
"2024-04-30","EG DEUDAS FISCALES","2665.15","0.192149","1387020"
"2024-04-30","EG CAJA USD","41891.9","3.02028","1387020"
"2024-04-30","EG GASTOS","0","0","1387020"
"2024-04-30","ITEC VENTAS","45635.5","5.83569","782007"
"2024-04-30","ITEC STOCK","829952","106.131","782007"
"2024-04-30","ITEC DEUDAS FISCALES","2775.21","0.354883","782007"
"2024-04-30","ITEC GASTOS","0","0","782007"
"2024-04-30","ITEC CUENTAS","-47946.1","-6.13116","782007"
"2024-04-30","EG DEUDAS PROVEEDORES","64692.8","4.66416","1387020"
"2024-04-30","ITEC GASTOS INFRAESTRUCTURA","0","0","782007"
"2024-04-30","EG VENTAS","197429","14.234","1387020"
"2024-04-30","EG GASTOS INFRAESTRUCTURA","0","0","1387020"
"2024-04-30","EG SUELDOS","0","0","1387020"
"2024-04-30","EG PEDIDOS PENDIENTES","31823.7","2.29439","1387020"
"2024-04-30","EG DEUDAS CLIENTES","148879","10.7337","1387020"
"2024-04-30","ITEC CAJA","197.918","0.025309","782007"
"2024-04-30","EG PASIVOS","64692.8","4.66416","1387020"
"2024-04-30","ITEC COMPRAS","39732","5.08077","782007"
"2024-04-30","ITEC DEUDAS PROVEEDORES","65572.7","8.38518","782007"
"2024-04-30","EG STOCK","1233520","88.9331","1387020"
"2024-04-30","EG IMPUESTOS","0","0","1387020"
"2024-04-30","EG SERVICIOS","0","0","1387020"
"2024-04-30","EG ACTIVOS","1451710","104.664","1387020"
"2024-04-30","ITEC BANCO FUTURO","-6841.78","-0.8749","782007"
"2024-04-30","ITEC DEUDAS CLIENTES","13797.5","1.76437","782007"
"2024-04-30","ITEC CAJA USD","10473","1.33924","782007"
"2024-04-30","ITEC SUELDOS","0","0","782007"
"2024-04-30","EG CUENTAS","153502","11.0671","1387020"
"2024-04-30","EG COMPRAS","89135.6","6.42641","1387020"
"2024-04-30","ITEC SERVICIOS","0","0","782007"
"2024-04-30","ITEC ACTIVOS","847579","108.385","782007"
"2024-04-30","ITEC PASIVOS","65572.7","8.38518","782007"
"2024-04-30","ITEC TOTAL","782007","100","782007"
"2024-05-31","ITEC BANCO FUTURO","-4004.31","-0.5114","782947"
"2024-05-31","ITEC GASTOS INFRAESTRUCTURA","0","0","782947"
"2024-05-31","EG VENTAS","131745","9.6628","1363430"
"2024-05-31","EG GASTOS INFRAESTRUCTURA","0","0","1363430"
"2024-05-31","EG ACTIVOS","1419070","104.081","1363430"
"2024-05-31","EG PASIVOS","55634.5","4.0805","1363430"
"2024-05-31","ITEC SUELDOS","0","0","782947"
"2024-05-31","ITEC GASTOS","0","0","782947"
"2024-05-31","EG CUENTAS","136483","10.0103","1363430"
"2024-05-31","EG PEDIDOS PENDIENTES","23316.7","1.7102","1363430"
"2024-05-31","EG DEUDAS PROVEEDORES","55634.5","4.0805","1363430"
"2024-05-31","EG CAJA USD","49541.4","3.6336","1363430"
"2024-05-31","EG SUELDOS","0","0","1363430"
"2024-05-31","EG IMPUESTOS","0","0","1363430"
"2024-05-31","EG SERVICIOS","0","0","1363430"
"2024-05-31","EG GASTOS","0","0","1363430"
"2024-05-31","EG COMPRAS","112789","8.2724","1363430"
"2024-05-31","ITEC DEUDAS FISCALES","861.79","0.1101","782947"
"2024-05-31","ITEC STOCK","813133","103.855","782947"
"2024-05-31","ITEC CAJA","821.46","0.1049","782947"
"2024-05-31","EG BANCO FUTURO","19544.3","1.4335","1363430"
"2024-05-31","EG CAJA","939.26","0.0689","1363430"
"2024-05-31","EG DEUDAS FISCALES","2420.9","0.1776","1363430"
"2024-05-31","ITEC PEDIDOS PENDIENTES","0","0","782947"
"2024-05-31","ITEC DEUDAS PROVEEDORES","49412.4","6.3111","782947"
"2024-05-31","ITEC CAJA USD","12385.3","1.5819","782947"
"2024-05-31","ITEC IMPUESTOS","0","0","782947"
"2024-05-31","ITEC SERVICIOS","0","0","782947"
"2024-05-31","EG STOCK","1226950","89.99","1363430"
"2024-05-31","EG DEUDAS CLIENTES","98775.7","7.2446","1363430"
"2024-05-31","ITEC PASIVOS","49412.4","6.3111","782947"
"2024-05-31","ITEC COMPRAS","21803.6","2.7848","782947"
"2024-05-31","ITEC VENTAS","27012.2","3.4501","782947"
"2024-05-31","ITEC DEUDAS CLIENTES","10024.1","1.2803","782947"
"2024-05-31","ITEC ACTIVOS","832360","106.311","782947"
"2024-05-31","ITEC CUENTAS","-30185.8","-3.8554","782947"
"2024-05-31","EG TOTAL","1363430","100","1363430"
"2024-05-31","ITEC TOTAL","782947","100","782947"
"2024-06-28","EG GASTOS INFRAESTRUCTURA","0","0","1335060"
"2024-06-28","EG DEUDAS FISCALES","1143.5","0.0856516","1335060"
"2024-06-28","EG SUELDOS","0","0","1335060"
"2024-06-28","EG GASTOS","0","0","1335060"
"2024-06-28","EG TOTAL","1335060","100","1335060"
"2024-06-28","EG VENTAS","101289","7.58685","1335060"
"2024-06-28","EG CAJA","354.662","0.0265652","1335060"
"2024-06-28","EG CAJA USD","45265.8","3.39054","1335060"
"2024-06-28","ITEC DEUDAS CLIENTES","6284.75","0.797614","787944"
"2024-06-28","ITEC GASTOS INFRAESTRUCTURA","0","0","787944"
"2024-06-28","ITEC GASTOS","0","0","787944"
"2024-06-28","ITEC PASIVOS","52942.6","6.71908","787944"
"2024-06-28","ITEC CAJA","264.286","0.0335412","787944"
"2024-06-28","ITEC CUENTAS","-36837.3","-4.67511","787944"
"2024-06-28","EG CUENTAS","40298.8","3.0185","1335060"
"2024-06-28","ITEC COMPRAS","8289.61","1.05206","787944"
"2024-06-28","EG COMPRAS","105499","7.90219","1335060"
"2024-06-28","ITEC STOCK","824781","104.675","787944"
"2024-06-28","ITEC BANCO FUTURO","-1760.15","-0.223385","787944"
"2024-06-28","ITEC PEDIDOS PENDIENTES","0","0","787944"
"2024-06-28","ITEC DEUDAS PROVEEDORES","52942.6","6.71908","787944"
"2024-06-28","ITEC IMPUESTOS","0","0","787944"
"2024-06-28","ITEC CAJA USD","11316.5","1.4362","787944"
"2024-06-28","EG DEUDAS PROVEEDORES","106513","7.97814","1335060"
"2024-06-28","EG ACTIVOS","1441570","107.978","1335060"
"2024-06-28","EG PASIVOS","106513","7.97814","1335060"
"2024-06-28","ITEC VENTAS","13998.2","1.77655","787944"
"2024-06-28","ITEC SUELDOS","0","0","787944"
"2024-06-28","EG PEDIDOS PENDIENTES","22865.9","1.71272","1335060"
"2024-06-28","EG BANCO FUTURO","-11095.6","-0.831094","1335060"
"2024-06-28","EG IMPUESTOS","0","0","1335060"
"2024-06-28","ITEC DEUDAS FISCALES","5529.44","0.701755","787944"
"2024-06-28","ITEC SERVICIOS","0","0","787944"
"2024-06-28","ITEC ACTIVOS","840886","106.719","787944"
"2024-06-28","ITEC TOTAL","787944","100","787944"
"2024-06-28","EG DEUDAS CLIENTES","89421","6.6979","1335060"
"2024-06-28","EG SERVICIOS","0","0","1335060"
"2024-06-28","EG STOCK","1294760","96.9814","1335060"
"2024-07-31","ITEC DEUDAS FISCALES","11694.4","1.4477","807790"
"2024-07-31","ITEC CAJA USD","16592.1","2.05401","807790"
"2024-07-31","EG DEUDAS PROVEEDORES","137298","11.2307","1222520"
"2024-07-31","ITEC PEDIDOS PENDIENTES","0","0","807790"
"2024-07-31","ITEC TOTAL","807790","100","807790"
"2024-07-31","EG IMPUESTOS",NULL,"0","1222520"
"2024-07-31","ITEC GASTOS INFRAESTRUCTURA","0","0","807790"
"2024-07-31","ITEC GASTOS","0","0","807790"
"2024-07-31","ITEC ACTIVOS","841524","104.176","807790"
"2024-07-31","EG VENTAS","240131","19.6423","1222520"
"2024-07-31","EG DEUDAS CLIENTES","83841.3","6.85807","1222520"
"2024-07-31","EG SUELDOS",NULL,"0","1222520"
"2024-07-31","ITEC CUENTAS","-10119.9","-1.25279","807790"
"2024-07-31","EG GASTOS INFRAESTRUCTURA","0","0","1222520"
"2024-07-31","EG PASIVOS","137298","11.2307","1222520"
"2024-07-31","ITEC STOCK","817910","101.253","807790"
"2024-07-31","EG CUENTAS","46861","3.83314","1222520"
"2024-07-31","EG CAJA USD","66368.4","5.42882","1222520"
"2024-07-31","EG ACTIVOS","1359820","111.231","1222520"
"2024-07-31","EG TOTAL","1222520","100","1222520"
"2024-07-31","ITEC BANCO FUTURO","-5078.22","-0.628656","807790"
"2024-07-31","EG BANCO FUTURO","6566.08","0.537094","1222520"
"2024-07-31","EG SERVICIOS",NULL,"0","1222520"
"2024-07-31","ITEC IMPUESTOS",NULL,"0","807790"
"2024-07-31","ITEC SERVICIOS",NULL,"0","807790"
"2024-07-31","ITEC VENTAS","4116.87","0.509646","807790"
"2024-07-31","ITEC DEUDAS CLIENTES","6452.38","0.798769","807790"
"2024-07-31","ITEC SUELDOS",NULL,"0","807790"
"2024-07-31","EG STOCK","1175660","96.1669","1222520"
"2024-07-31","EG CAJA","4998.18","0.408842","1222520"
"2024-07-31","EG DEUDAS FISCALES","1177.05","0.0962806","1222520"
"2024-07-31","ITEC COMPRAS","10154.7","1.2571","807790"
"2024-07-31","ITEC CAJA","5647.74","0.699159","807790"
"2024-07-31","ITEC DEUDAS PROVEEDORES","33733.9","4.17607","807790"
"2024-07-31","ITEC PASIVOS","33733.9","4.17607","807790"
"2024-07-31","EG COMPRAS","130800","10.6992","1222520"
"2024-07-31","EG PEDIDOS PENDIENTES","22385","1.83105","1222520"
"2024-07-31","EG GASTOS","0","0","1222520"
"2024-09-30","EG SERVICIOS",NULL,"0","1284620"
"2024-09-30","ITEC CAJA","4628.72","0.619315","747393"
"2024-09-30","EG CUENTAS","22612.1","1.76022","1284620"
"2024-09-30","EG PEDIDOS PENDIENTES","21119.2","1.644","1284620"
"2024-09-30","EG CAJA","4740.83","0.369045","1284620"
"2024-09-30","EG SUELDOS",NULL,"0","1284620"
"2024-09-30","EG CAJA USD","23095.4","1.79784","1284620"
"2024-09-30","EG GASTOS","0","0","1284620"
"2024-09-30","EG PASIVOS","188895","14.7043","1284620"
"2024-09-30","EG TOTAL","1284620","100","1284620"
"2024-09-30","ITEC PEDIDOS PENDIENTES","0","0","747393"
"2024-09-30","ITEC IMPUESTOS",NULL,"0","747393"
"2024-09-30","ITEC CUENTAS","1995.68","0.267019","747393"
"2024-09-30","EG STOCK","1262010","98.2399","1284620"
"2024-09-30","EG DEUDAS PROVEEDORES","188895","14.7043","1284620"
"2024-09-30","EG ACTIVOS","1473520","114.705","1284620"
"2024-09-30","ITEC BANCO FUTURO","-10744.4","-1.43758","747393"
"2024-09-30","ITEC GASTOS","0","0","747393"
"2024-09-30","ITEC ACTIVOS","747393","100","747393"
"2024-09-30","ITEC TOTAL","747393","100","747393"
"2024-09-30","EG DEUDAS FISCALES","397.18","0.0309181","1284620"
"2024-09-30","ITEC VENTAS","0","0","747393"
"2024-09-30","ITEC CAJA USD","5773.86","0.772533","747393"
"2024-09-30","EG COMPRAS","207157","16.1259","1284620"
"2024-09-30","EG DEUDAS CLIENTES","156038","12.1466","1284620"
"2024-09-30","EG GASTOS INFRAESTRUCTURA","0","0","1284620"
"2024-09-30","EG IMPUESTOS",NULL,"0","1284620"
"2024-09-30","ITEC DEUDAS PROVEEDORES","0","0","747393"
"2024-09-30","ITEC SERVICIOS",NULL,"0","747393"
"2024-09-30","ITEC STOCK","745397","99.7329","747393"
"2024-09-30","ITEC GASTOS INFRAESTRUCTURA","0","0","747393"
"2024-09-30","ITEC DEUDAS FISCALES","603.42","0.0807366","747393"
"2024-09-30","ITEC SUELDOS",NULL,"0","747393"
"2024-09-30","EG VENTAS","291412","22.6847","1284620"
"2024-09-30","EG BANCO FUTURO","6513.64","0.507048","1284620"
"2024-09-30","ITEC COMPRAS","0","0","747393"
"2024-09-30","ITEC DEUDAS CLIENTES","2337.5","0.312754","747393"
"2024-09-30","ITEC PASIVOS","0","0","747393"
"2024-08-30","ITEC STOCK","801259","104.062","769983"
"2024-08-30","ITEC CAJA","458.333","0.0595251","769983"
"2024-08-30","ITEC ACTIVOS","820748","106.593","769983"
"2024-08-30","EG STOCK","1287970","97.9348","1315130"
"2024-08-30","EG BANCO FUTURO","6566.08","0.499272","1315130"
"2024-08-30","EG GASTOS INFRAESTRUCTURA","0","0","1315130"
"2024-08-30","EG SUELDOS","0","0","1315130"
"2024-08-30","ITEC COMPRAS","40608.9","5.274","769983"
"2024-08-30","ITEC VENTAS","23008.6","2.9882","769983"
"2024-08-30","ITEC GASTOS","0","0","769983"
"2024-08-30","ITEC SUELDOS","0","0","769983"
"2024-08-30","ITEC CUENTAS","-31276.2","-4.06193","769983"
"2024-08-30","EG DEUDAS PROVEEDORES","175101","13.3143","1315130"
"2024-08-30","EG PASIVOS","175101","13.3143","1315130"
"2024-08-30","ITEC BANCO FUTURO","-4742.63","-0.61594","769983"
"2024-08-30","ITEC GASTOS INFRAESTRUCTURA","0","0","769983"
"2024-08-30","ITEC SERVICIOS","0","0","769983"
"2024-08-30","EG CUENTAS","27163.4","2.06546","1315130"
"2024-08-30","EG COMPRAS","145862","11.0911","1315130"
"2024-08-30","EG VENTAS","198324","15.0802","1315130"
"2024-08-30","ITEC CAJA USD","18775.8","2.43848","769983"
"2024-08-30","ITEC PEDIDOS PENDIENTES","0","0","769983"
"2024-08-30","ITEC DEUDAS FISCALES","8163.28","1.06019","769983"
"2024-08-30","ITEC IMPUESTOS","0","0","769983"
"2024-08-30","EG IMPUESTOS","0","0","1315130"
"2024-08-30","EG GASTOS","0","0","1315130"
"2024-08-30","EG ACTIVOS","1490230","113.314","1315130"
"2024-08-30","ITEC TOTAL","769983","100","769983"
"2024-08-30","EG DEUDAS CLIENTES","98124.2","7.46118","1315130"
"2024-08-30","EG TOTAL","1315130","100","1315130"
"2024-08-30","ITEC DEUDAS CLIENTES","4997.08","0.648986","769983"
"2024-08-30","ITEC DEUDAS PROVEEDORES","50764.8","6.59298","769983"
"2024-08-30","EG CAJA USD","75103.4","5.71072","1315130"
"2024-08-30","EG SERVICIOS","0","0","1315130"
"2024-08-30","ITEC PASIVOS","50764.8","6.59298","769983"
"2024-08-30","EG PEDIDOS PENDIENTES","21901.4","1.66534","1315130"
"2024-08-30","EG CAJA","569.334","0.0432911","1315130"
"2024-08-30","EG DEUDAS FISCALES","2203.53","0.167552","1315130"
"2024-10-31","EG CAJA USD","13796","1.1843","1164910"
"2024-10-31","EG IMPUESTOS",NULL,"0","1164910"
"2024-10-31","ITEC DEUDAS CLIENTES","3031.87","0.425132","713159"
"2024-10-31","EG COMPRAS","274862","23.5951","1164910"
"2024-10-31","EG PEDIDOS PENDIENTES","21098.3","1.81115","1164910"
"2024-10-31","EG PASIVOS","219118","18.8099","1164910"
"2024-10-31","ITEC GASTOS INFRAESTRUCTURA","0","0","713159"
"2024-10-31","ITEC SERVICIOS",NULL,"0","713159"
"2024-10-31","EG ACTIVOS","1384020","118.809","1164910"
"2024-10-31","EG GASTOS INFRAESTRUCTURA","0","0","1164910"
"2024-10-31","ITEC GASTOS","0","0","713159"
"2024-10-31","EG VENTAS","307654","26.4101","1164910"
"2024-10-31","EG DEUDAS CLIENTES","142071","12.1959","1164910"
"2024-10-31","ITEC DEUDAS PROVEEDORES","36667.6","5.14157","713159"
"2024-10-31","ITEC DEUDAS FISCALES","602.83","0.0845295","713159"
"2024-10-31","ITEC SUELDOS",NULL,"0","713159"
"2024-10-31","EG SUELDOS",NULL,"0","1164910"
"2024-10-31","ITEC STOCK","747957","104.879","713159"
"2024-10-31","EG CUENTAS","-31608.9","-2.71342","1164910"
"2024-10-31","EG CAJA","4030.12","0.34596","1164910"
"2024-10-31","EG DEUDAS PROVEEDORES","219118","18.8099","1164910"
"2024-10-31","ITEC BANCO FUTURO","-8834.46","-1.23878","713159"
"2024-10-31","EG DEUDAS FISCALES","396.787","0.0340616","1164910"
"2024-10-31","ITEC VENTAS","31444.4","4.40917","713159"
"2024-10-31","ITEC IMPUESTOS",NULL,"0","713159"
"2024-10-31","ITEC CUENTAS","-34798.4","-4.87948","713159"
"2024-10-31","EG STOCK","1196510","102.713","1164910"
"2024-10-31","EG BANCO FUTURO","6513.64","0.559154","1164910"
"2024-10-31","EG TOTAL","1164910","100","1164910"
"2024-10-31","ITEC COMPRAS","32896.7","4.61281","713159"
"2024-10-31","ITEC PEDIDOS PENDIENTES","0","0","713159"
"2024-10-31","ITEC CAJA","4222.75","0.592119","713159"
"2024-10-31","ITEC CAJA USD","3449.01","0.483624","713159"
"2024-10-31","ITEC ACTIVOS","749826","105.141","713159"
"2024-10-31","EG SERVICIOS",NULL,"0","1164910"
"2024-10-31","EG GASTOS","0","0","1164910"
"2024-10-31","ITEC PASIVOS","36667.6","5.14157","713159"
"2024-10-31","ITEC TOTAL","713159","100","713159"
